codigo;descripcion;bultos_por_camada;bultos_por_pallet
300060192;DORITOS QUESO 77GX26;;
300059545;DORITOS QUESO 40GX70X1;;
300060195;LAYS CLASICAS 85GX25X1;;
300059432;LAYS CLASICAS 40GX68X1;;
300058395;3D QUESO 43GX75X1;;
300060661;3D QUESO 85GX27X1;;
300063098;TWISTOS MINIT JAMON 95GX30X1;;
300059433;CHEETOS QUESO 43GX70X1;;
300060664;CHEETOS QUESO 85GX24X1;;
300060190;DORITOS QUESO 129GX19;;
300063097;TWISTOS MINIT QUESO 95GX30X1;;
300064054;DORITOS DINAMITA FH 82GX38X1;;
300063264;TWISTOS MINIT JAMON 40GX112X1;;
300064055;DORITOS DINAMITA FH 45GX110X1;;
300065286;LAYS JAMON SERRANO 77GX25X1;;
300064630;PEHUA PAPA ACANA 90GX22 RM;;
300065287;LAYS CLASICAS 134GX18X1;;
300065361;LAYS QUESO Y CEBOLLA 77GX25X1;;
300063263;TWISTOS MINIT QUESO 40GX112X1;;
300052757;PEP RUEDITAS 74GRX36;;
300066791;PEHUAMAR ACANALADA 420X9X1 RM;;
300067374;Lays Rusticas Limon y Hierbas 77 GRAMOS;;
300067372;Lays Rusticas Caprese 77 GRAMOS;;
300067373;Lays Rusticas Sal Marina 85 GRAMOS;;
300051988;LAYS CLASICAS 20GRX76;;
300058397;3D QUESO 143GX18X1;;
300065285;LAYS KETCHUP 77GX25X1;;
300059811;LAYS ONDAS FH 70GX28;;
300063015;DORITOS SWEET CHILI MB 74GX29X1;;
300065828;TOSTITOS ROUNDED SAL 100 GRAMOS;;
300065284;LAYS PROVOLETA 77GX25X1;;
300064914;DINAMITA EXTRA FLAMIN HOT 82G;;
300033489;PEP RUEDITAS 40GX60 PI;;
300064193;DORITOS QUESO 20GX88X1;;
300060662;CHEETOS QUESO 140GX18X1;;
300067590;TOSTITOS ROUND HIERB Y LIMON 90GX26X1;;
300061010;CHEETOS QUESO CREMA 85GX24;;
300064885;LAYS PANCETA 77GX25X1;;
300064641;PEHUA PAPA LISA 90GX22 RM;;
300064478;PEHUAMAR ACAN MATAMBRITO 80X25X1;;
300066261;DORITOS PIZZA 74X29X1;;
300052656;PEHUAMAR PALIQUESO 90GX36;;
300052790;PEHUAMAR PALISAL 90GX36;;
300064915;DINAMITA EXTRA FLAMIN HOT 45G;;
300052758;PEHUAMAR MAICITOS 125GX16;;
300065825;CHEETOS ONDULADOS KETCHUP 80GX24;;
300060191;DORITOS QUESO 200GX14;;
300052023;3DMEGAQUESO23GX120;;
300058721;PEP RAMITAS QUESO 84GX36;;
300063271;MANI SAL PELADO 75GX64X1;;
300064830;PEHUAMAR ACAN CHIMICHURRI 80X25X1;;
300052697;TWISTOS MINIT JAMON 155GX20;;
300066580;LAYS ACAN ASADO 77GX25X1;;
300065613;QUAKER AVENA INST 280GX20 ARG;;
300050336;CHEETOS 23GRX108;;
300060097;PEHUAMAR PAPA ACANA 135GX19;;
300064887;LAYS BARBACOA 77GX25X1;;
300052756;PEP RUEDITAS 120GRX21;;
300061011;CHEETOS QUESO CREMA 43GX66;;
300052694;TWISTOS MINIT QUESO 155GX20;;
300065313;LAYS CLASICAS 230GX13X1;;
300065827;TOSTITOS ROUNDED SAL 160 GRAMOS;;
300052820;PEP COMUN 84GRX36;;
300065611;QUAKER AVENA TRADIC 280GX20 ARG;;
300059431;LAYS JAMON SERRANO 34GX72;;
300060231;LAYS CLASICAS 330GX9;;
300058740;PEP RAMITAS QUESO 40GX60;;
300059430;LAYS QSO Y CEBOLLA 34GX72;;
300066790;PEHUAMAR PAPA LISA 420GX9X1 RM;;
300065792;TOSTITOS ROUNDED SAL 260 GRAMOS;;
300067529;TOSTITOS ROUND HIERB Y LIMON 144GX19X1;;
300065826;CHEETOS ONDULADOS KETCHUP 40GX66;;
300065612;QUAKER AVENA INST 500GX10 ARG;;
300062973;PEHUAMAR ACANALADA 230GX14X1;;
300065572;QUAKER AVENA EXT FINA 470GX12 ARG;;
300060196;PEHUAMAR PAPA LISA 135GX19X1;;
300060080;LAYS JAMON SERRANO 122GX19;;
300033488;PEP COMUN 40GX60 PI;;
300065477;DORITOS QUESO 20GX6X10 TIR;;
300062972;PEHUAMAR MAICITOS 265GX10X1;;
300061030;MANI SAL CON PIEL 75GX64X1;;
300061023;MANI PELADO 135GX40X1;;
300058720;PEP RAMITAS QUESO 120GX21;;
300061021;MANIAX JAPONES JAMON 95GX40X1;;
300065610;QUAKER AVENA TRADIC 550GX12 ARG;;
300065476;LAYS CLASICA 20GX6X10 TIR;;
300060869;MANIAX SAL Y LIMON 95GX60X1;;
300052821;PEP COMUN 120GRX21;;
300064854;MANI TUBULAR 40GRS;;
300061020;MANIAX JAPONES SAL 95GX40X1;;
300060663;CHEETOS QUESO 229GX12X1;;
300060092;PEHUAMAR PALISAL 165GX21X1;;
300066598;DORITOS QUESO 40GX6X10 TIR;;
300060197;PEHUAMAR PAPA LISA 230GX14X1;;
300063273;MANI CON PIEL 135GX40X1;;
300066500;LAYS CLASICA 40GX6X10 TIR;;
500001034;CAJA AUTOEXHIBIBLE;;
500001032;LOMO FREEZER;;
300066262;DORITOS PIZZA 35X88X1;;
300066581;LAYS ACAN ASADO 34GX72X1 MND;;
